label,left_knee,right_knee,left_hip,right_hip,left_elbow,right_elbow,left_shoulder,right_shoulder,trunk,left_ankle
shoulder_press,,,,,46.471052027704566,47.40165385494615,,,,
shoulder_press,,,,,42.887884712179876,45.985548976337284,,,,
shoulder_press,,,,,46.48141164750809,46.416443443806685,,,,
shoulder_press,,,,,50.09196457587278,49.82741900961034,,,,
shoulder_press,,,,,52.11703969592784,57.794542503430904,,,,
shoulder_press,,,,,58.50497892625475,67.36197147942204,,,,
shoulder_press,,,,,68.6996161373294,75.9883199905414,,,,
shoulder_press,,,,,74.93941800112576,82.0431701565561,,,,
shoulder_press,,,,,110.62485940331557,130.14213986065374,,,,
shoulder_press,,,,,171.09777318699076,152.63164806244168,,,,
shoulder_press,,,,,83.06835259747426,120.0903606319319,,,,
shoulder_press,,,,,71.72288401203105,122.81473232054834,,,,
shoulder_press,,,,,58.59723751464976,128.3734162259164,,,,
shoulder_press,,,,,52.32658253156606,132.6538245611911,,,,
shoulder_press,,,,,49.74538366356819,138.8311261034705,,,,
shoulder_press,,,,,48.91982248227951,130.61443461358152,,,,
shoulder_press,,,,,49.11516211736309,127.29228322383264,,,,
shoulder_press,,,,,50.004212668553215,141.8584441669103,,,,
shoulder_press,,,,,49.48523440348319,127.7586247777589,,,,
shoulder_press,,,,,49.73606761740189,134.4375266666469,,,,
shoulder_press,,,,,49.11196827181426,123.89055157264904,,,,
shoulder_press,,,,,48.60941022752311,107.91553283468208,,,,
shoulder_press,,,,,46.7053076998843,89.65683518403497,,,,
shoulder_press,,,,,44.59090415390822,76.59590685164163,,,,
shoulder_press,,,,,42.64238997205976,59.56800166998314,,,,
shoulder_press,,,,,41.13410325392386,50.41719552922344,,,,
shoulder_press,,,,,37.821745134564836,43.14355938750387,,,,
shoulder_press,,,,,34.65535861280171,39.583902383796755,,,,
shoulder_press,,,,,40.554986998272,41.16042001293995,,,,
shoulder_press,,,,,47.09469272686164,48.47678937658095,,,,
shoulder_press,,,,,53.553496705787595,56.63144190210804,,,,
shoulder_press,,,,,71.4073595564804,73.47860995962056,,,,
shoulder_press,,,,,77.95908383710277,81.7602291198279,,,,
shoulder_press,,,,,83.83273790914836,87.80866340359975,,,,
shoulder_press,,,,,93.41376868431875,98.83481845460317,,,,
shoulder_press,,,,,102.9823831161293,107.74221863684195,,,,
shoulder_press,,,,,117.41270754100127,124.61943297804247,,,,
shoulder_press,,,,,126.2302816396115,134.68530074763152,,,,
shoulder_press,,,,,133.2797497901983,143.88867724712907,,,,
shoulder_press,,,,,139.18151819540932,152.33434728301327,,,,
shoulder_press,,,,,142.32205363114358,160.02239106541774,,,,
shoulder_press,,,,,146.79812516438517,158.87994645241142,,,,
shoulder_press,,,,,148.0661484634621,154.6642244946299,,,,
shoulder_press,,,,,146.54985973713727,151.3527037386844,,,,
shoulder_press,,,,,137.89084070962326,148.11284179664636,,,,
shoulder_press,,,,,125.18841507450367,133.8155104471904,,,,
shoulder_press,,,,,115.17219523412004,125.59254646506284,,,,
shoulder_press,,,,,99.3707876820874,111.89245143827608,,,,
shoulder_press,,,,,82.2863004439322,93.814284324151,,,,
shoulder_press,,,,,64.49982808162419,76.34625595436393,,,,
shoulder_press,,,,,57.68415787988184,64.45234235995981,,,,
shoulder_press,,,,,50.72689387297155,56.8526312178001,,,,
shoulder_press,,,,,41.76446410384846,49.520866452238494,,,,
shoulder_press,,,,,36.07763826672671,46.17561883393221,,,,
shoulder_press,,,,,32.119887859220306,43.726525367809046,,,,
shoulder_press,,,,,35.62729796710262,42.13578944429504,,,,
shoulder_press,,,,,39.33196542104481,45.52682743998201,,,,
shoulder_press,,,,,50.84858514121747,54.56464911654298,,,,
shoulder_press,,,,,60.686891078758435,62.66386031374037,,,,
shoulder_press,,,,,66.51026311301598,67.52871042954526,,,,
shoulder_press,,,,,76.92754739521475,79.95921205664014,,,,
shoulder_press,,,,,84.94057763697853,87.92370046993109,,,,
shoulder_press,,,,,90.44262207603431,95.08593286464001,,,,
shoulder_press,,,,,100.07562006646847,105.5458120579934,,,,
shoulder_press,,,,,115.88453008300438,124.26117131626816,,,,
shoulder_press,,,,,130.9017848286461,141.95999946192015,,,,
shoulder_press,,,,,136.63958186389002,146.76726243842145,,,,
shoulder_press,,,,,144.65422993105676,173.43763186941973,,,,
shoulder_press,,,,,149.36441948851999,164.17795136658444,,,,
shoulder_press,,,,,152.75823261925234,147.2903337435429,,,,
shoulder_press,,,,,154.98723567257116,154.3552616319378,,,,
shoulder_press,,,,,156.6100168112603,161.35582688306664,,,,
shoulder_press,,,,,138.5158570951364,148.54102777984338,,,,
shoulder_press,,,,,108.02443375794239,115.53819927291103,,,,
shoulder_press,,,,,93.9003817139053,98.89715134289597,,,,
shoulder_press,,,,,79.69699348502411,82.94655046121429,,,,
shoulder_press,,,,,67.10458653582208,71.83579542210887,,,,
shoulder_press,,,,,53.48176845766899,58.67294235941681,,,,
shoulder_press,,,,,43.03845252863413,47.36249032287449,,,,
shoulder_press,,,,,37.95730289782479,39.3328745466787,,,,
shoulder_press,,,,,31.347974817453768,34.61055812902803,,,,
shoulder_press,,,,,23.059984205851922,27.929188217553037,,,,
shoulder_press,,,,,16.389632036259716,24.505273406614386,,,,
shoulder_press,,,,,11.137909461814788,24.19787360872415,,,,
shoulder_press,,,,,15.554011472266138,25.522653777594535,,,,
shoulder_press,,,,,18.808329475328822,27.21635039347632,,,,
shoulder_press,,,,,29.746288284840386,37.448841796011905,,,,
shoulder_press,,,,,40.908907648242895,47.474007623859954,,,,
shoulder_press,,,,,50.830825540123634,60.17937009843314,,,,
shoulder_press,,,,,58.7478895576366,70.9639982851857,,,,
shoulder_press,,,,,71.46488438765024,83.05436426664465,,,,
shoulder_press,,,,,84.85751416096763,95.00540147721496,,,,
shoulder_press,,,,,98.99957372774311,103.79810047832224,,,,
shoulder_press,,,,,111.30773847094655,114.92367212152736,,,,
shoulder_press,,,,,121.45032239042271,126.12428531698356,,,,
shoulder_press,,,,,141.30622599056542,139.6692859496255,,,,
shoulder_press,,,,,152.02901161576216,153.6958635889126,,,,
shoulder_press,,,,,161.33296878635466,162.04063661949866,,,,
shoulder_press,,,,,156.05459230489856,167.97090658886748,,,,
shoulder_press,,,,,169.58476446928103,166.8839171079944,,,,
shoulder_press,,,,,169.7843595838868,176.83075404449718,,,,
shoulder_press,,,,,172.21632287354043,164.79484725343656,,,,
shoulder_press,,,,,166.58585322771918,171.60329908822092,,,,
shoulder_press,,,,,166.56384099968446,161.44878090811753,,,,
shoulder_press,,,,,163.10159023294565,152.52285025754995,,,,
shoulder_press,,,,,159.45247626356874,146.62156638911335,,,,
shoulder_press,,,,,144.76328781569512,138.92666016183296,,,,
shoulder_press,,,,,119.97325944361772,119.73968315976288,,,,
shoulder_press,,,,,100.3151636337091,107.96718901708117,,,,
shoulder_press,,,,,81.54064288777371,89.85792013359946,,,,
shoulder_press,,,,,69.6583784621896,81.3043413961094,,,,
shoulder_press,,,,,50.20265251458418,61.15625201615488,,,,
shoulder_press,,,,,38.551611414521375,43.85899380545941,,,,
shoulder_press,,,,,30.96599336386315,30.240830496490485,,,,
shoulder_press,,,,,24.23266773712163,21.237740384027237,,,,
shoulder_press,,,,,18.16687429400111,17.67387343231898,,,,
shoulder_press,,,,,14.894544424338855,18.14858620614038,,,,
shoulder_press,,,,,20.42713839598735,22.19513494891885,,,,
shoulder_press,,,,,24.83965346106045,26.125137333058362,,,,
shoulder_press,,,,,30.14929823853585,31.98919406842568,,,,
shoulder_press,,,,,38.79374249072629,43.48681479971369,,,,
shoulder_press,,,,,52.75941759814208,56.35345327117955,,,,
shoulder_press,,,,,70.1609905956215,70.57803619157151,,,,
shoulder_press,,,,,76.7091326503188,76.58699668942602,,,,
shoulder_press,,,,,90.18803285423928,88.68326061909214,,,,
shoulder_press,,,,,103.86521055520141,101.59504315820145,,,,
shoulder_press,,,,,119.45153981843514,115.83059061953364,,,,
shoulder_press,,,,,131.44012637384913,127.57412135230778,,,,
shoulder_press,,,,,139.73037789307145,134.7871146185324,,,,
shoulder_press,,,,,154.29964845075784,149.7709524627138,,,,
shoulder_press,,,,,163.22542326996285,149.60176925833545,,,,
shoulder_press,,,,,162.25432681097377,169.45737280014097,,,,
shoulder_press,,,,,163.99787358588037,175.82246153473577,,,,
shoulder_press,,,,,171.09313447522507,176.01744291534757,,,,
shoulder_press,,,,,179.4835382096298,169.18887711492724,,,,
shoulder_press,,,,,170.54421192319595,166.9395212062499,,,,
shoulder_press,,,,,168.32514339536027,172.0647503839335,,,,
shoulder_press,,,,,163.2822572805766,158.07452511152908,,153.45358675934796,,
shoulder_press,,,,,173.46873471903865,167.5268481015428,,,,
shoulder_press,,,,,155.95522442130508,159.0840987357538,,,,
shoulder_press,,,,,146.49428095792763,133.15778942863676,,,,
shoulder_press,,,,,136.53173099211955,126.7552083664097,,,,
shoulder_press,,,,,129.576216241529,122.4980909701713,,,,
shoulder_press,,,,,115.47174017207686,109.2309413997712,,,,
shoulder_press,,,,,104.34369279507271,99.75411452264566,,,,
shoulder_press,,,,,92.93091660589886,86.91114436719376,,,,
shoulder_press,,,,,81.0338928780593,81.43645462764154,,,,
shoulder_press,,,,,74.11963740483561,73.30142155205951,,,,
shoulder_press,,,,,66.88428721731078,65.9976407507779,,,,
shoulder_press,,,,,63.17614712458433,60.9637065511594,,,,
shoulder_press,,,,,54.605999592208065,55.7451602691086,,,,
shoulder_press,,,,,48.51178512621922,52.02984257853803,,,,
shoulder_press,,,,,43.103130068841104,50.646670190544185,,,,
shoulder_press,,,,,35.05833719117428,48.5014128612811,,,,
shoulder_press,,,,,33.78031201764782,43.94358922910742,,,,
shoulder_press,,,,,32.23783277082099,40.47369901591555,,,,
shoulder_press,,,,,38.1422064730223,44.14981065722106,,,,
shoulder_press,,,,,45.665671112785326,51.54133802515192,,,,
shoulder_press,,,,,53.62853514808115,59.47451694005001,,,,
shoulder_press,,,,,63.79344525509999,68.27310783139444,,,,
shoulder_press,,,,,76.21123829546325,77.88109009141543,,,,
shoulder_press,,,,,89.16461654761295,86.7637515091696,,,,
shoulder_press,,,,,99.50633333823893,94.57548781836294,,,,
shoulder_press,,,,,110.86574623466083,100.47799318168803,,,,
shoulder_press,,,,,121.98150291119154,112.75319854165122,,,,
shoulder_press,,,,,130.73169378809897,122.44122531866252,,,,
shoulder_press,,,,,139.2896718387738,135.08770287785543,,,,
shoulder_press,,,,,144.7302440030372,139.55178441290693,,,,
shoulder_press,,,,,150.78846255401817,150.83360075218053,,,,
shoulder_press,,,,,153.82702619561928,158.58068692027803,,,,
shoulder_press,,,,,157.77987227347742,162.37582685155223,,,,
shoulder_press,,,,,163.75677550358725,174.77383299871468,,,,
shoulder_press,,,,,169.7121110077769,165.61571837086026,,,,
shoulder_press,,,,,168.57002724898427,158.81054714936977,,,,
shoulder_press,,,,,168.40752828334223,166.35320789180275,,,,
shoulder_press,,,,,171.42755861260727,171.0577934866136,,166.9319737190016,,
shoulder_press,,,,,165.5117546745794,158.9630053053869,,161.57110441863037,,
shoulder_press,,,,,157.0182861316029,178.44861075062403,,176.12064608516775,,
shoulder_press,,,,,164.3438389917828,167.5354541682575,,163.45039082467952,,
shoulder_press,,,,,157.6815710556898,158.18241687804974,,155.59758150041833,,
shoulder_press,,,,,155.16673828624593,152.11218533603983,,,,
shoulder_press,,,,,149.95023816098467,142.48721307094655,,,,
shoulder_press,,,,,144.62218235982897,141.95891759993577,,,,
shoulder_press,,,,,139.5733888161953,121.43184081126594,,,,
shoulder_press,,,,,129.0588499544207,124.59229445460734,,,,
shoulder_press,,,,,113.51678273822175,115.96307576411267,,,,
shoulder_press,,,,,104.16363836544839,105.42818634658049,,,,
shoulder_press,,,,,94.06824677003314,94.5118874743178,,,,
shoulder_press,,,,,81.22706873470322,79.16281636641119,,,,
shoulder_press,,,,,74.13765796746911,69.79037408832681,,,,
shoulder_press,,,,,61.60690290923158,54.40451395920925,,,,
shoulder_press,,,,,48.36507721685599,49.695962906321775,,,,
shoulder_press,,,,,40.78872829645461,46.1764115837355,,,,
shoulder_press,,,,,34.830602725320134,42.866555556555305,,,,
shoulder_press,,,,,28.15562088510023,40.153206643468,,,,
shoulder_press,,,,,27.393176138620202,35.80749351245932,,,,
shoulder_press,,,,,30.461925933118025,36.09043474016997,,,,
shoulder_press,,,,,36.51578794404438,42.67278558217871,,,,
shoulder_press,,,,,44.25375157866369,50.955513550605716,,,,
shoulder_press,,,,,55.61503228383482,60.594154021271436,,,,
shoulder_press,,,,,66.16925639538304,70.72499406363497,,,,
shoulder_press,,,,,73.01796546021016,77.45114046998108,,,,
shoulder_press,,,,,84.00901841761024,85.76765335683854,,,,
shoulder_press,,,,,94.49933346371465,90.10700514758553,,,,
shoulder_press,,,,,110.40361227907987,101.21738923069103,,,,
shoulder_press,,,,,117.26460551513237,109.90111797410503,,,,
shoulder_press,,,,,120.85151131878904,116.1652259412519,,,,
shoulder_press,,,,,127.49904592195448,124.23939230209417,,,,
shoulder_press,,,,,134.17436459940325,131.8394192022034,,,,
shoulder_press,,,,,139.04555018944598,141.684924434998,,,,
shoulder_press,,,,,148.35929059890648,149.73103574172785,,,,
shoulder_press,,,,,151.65657930175198,154.085267053662,,,,
shoulder_press,,,,,155.07529905845863,162.01526513434362,,,,
shoulder_press,,,,,167.9120802513454,167.0150665702807,,,,
shoulder_press,,,,,156.8222891823468,164.43446500736738,,,,
shoulder_press,,,,,166.98528919071316,160.47655835903555,,,,
shoulder_press,,,,,160.5421074387536,168.55241353545344,,,,
shoulder_press,,,,,157.3318760729471,161.7978774698277,,163.20444111602853,,
shoulder_press,,,,,149.06792211434822,147.48182540436468,153.94316201840246,155.5343640138651,86.29870035438937,
shoulder_press,,,,,138.47665062493826,137.06588656585075,142.40310085430872,150.07684664687167,86.34676486558816,
shoulder_press,,,,,121.59612883585002,127.14870435538937,,141.68260035655382,,
shoulder_press,,,,,102.75400184977342,114.81203903015945,,,,
shoulder_press,,,,,89.32590951213108,94.90630931745848,,,,
shoulder_press,,,,,76.19589708388116,80.20884847258542,,,,
shoulder_press,,,,,58.64338460314614,66.58668287401427,,,,
shoulder_press,,,,,46.28670559284036,53.29525026162187,,,,
shoulder_press,,,,,41.59882305142754,49.33323573389409,,,,
shoulder_press,,,,,36.792940705994475,42.18864689622099,,,,
shoulder_press,,,,,32.80412944853732,36.885104167335896,,,,
shoulder_press,,,,,26.341464133621727,30.74835501215698,,,,
shoulder_press,,,,,23.32265382428977,26.786246276434866,,,,
shoulder_press,,,,,27.067972808979643,27.90726817600123,,,,
shoulder_press,,,,,33.53178451475256,34.414298584996736,,,,
shoulder_press,,,,,38.57164907612862,40.5003683584274,,,,
shoulder_press,,,,,45.20545714798518,46.2681016434954,,,,
shoulder_press,,,,,58.13591441184067,56.57517402905852,,,,
shoulder_press,,,,,73.62145832900248,70.4251740514526,,,,
shoulder_press,,,,,86.8031270192354,83.58514742657266,,,,
shoulder_press,,,,,101.81485096049745,96.84491954170879,,,,
shoulder_press,,,,,119.23973907097759,113.42569677759082,,,,
shoulder_press,,,,,131.60667371290347,129.89277885531635,,,,
shoulder_press,,,,,144.71994744891623,143.1027972789308,,,,
shoulder_press,,,,,154.70202795268048,157.24006066987593,,,,
shoulder_press,,,,,163.06137144761328,160.84841342723087,,,,
shoulder_press,,,,,171.06277742072385,168.14333374182436,,,,
shoulder_press,,,,,166.93935356265683,170.8159593763687,,,,
shoulder_press,,,,,173.31913486682691,177.7555443585441,,,,
shoulder_press,,,,,178.0673878311027,177.86652912746342,,,,
shoulder_press,,,,,174.39609789109156,166.8788390517663,,,,
shoulder_press,,,,,169.5909258387471,172.8424671885182,,,,
shoulder_press,,,,,177.55359893068265,171.84718712957618,,,,
shoulder_press,,,,,167.54892422755057,159.63103094015963,,,,
shoulder_press,,,,,167.31409286929323,153.80127115698897,,,,
shoulder_press,,,,,156.6031216266002,146.29329627303878,,,,
shoulder_press,,,,,149.17127330515643,142.42051882744528,,,,
shoulder_press,,,,,136.06138618769873,130.75776396556364,,,,
shoulder_press,,,,,120.38397466585104,122.35562509636861,,,,
shoulder_press,,,,,108.5281694867169,112.73842583490108,,,,
shoulder_press,,,,,131.04803496974316,138.42381869172894,,,,
shoulder_press,,,,,171.8330775877553,127.0414777261532,,,,
shoulder_press,,,,,48.32476045067898,60.97168066065892,,,,
shoulder_press,,,,,38.09550986076465,46.35265879018375,,,,
shoulder_press,,,,,26.912620052029435,26.791836373030616,,,,
shoulder_press,,,,,18.020965775748607,18.61101241184803,,,,
shoulder_press,,,,,13.696970743114624,15.032711737071123,,,,
shoulder_press,,,,,20.833444099189226,21.8960896110983,,,,
shoulder_press,,,,,28.650478331554385,30.12080818909407,,,,
shoulder_press,,,,,40.87710473485925,44.59043546564775,,,,
shoulder_press,,,,,57.93360090201772,58.37933829115615,,,,
shoulder_press,,,,,75.85606894881239,76.68541548168916,,,,
shoulder_press,,,,,86.66158821261993,87.20952558329301,,,,
shoulder_press,,,,,92.93160450623155,96.66176882867128,,,,
shoulder_press,,,,,112.8526193688667,112.39386090180356,,,,
shoulder_press,,,,,127.44159821684566,125.08902333755854,,,,
shoulder_press,,,,,142.16292851566794,139.36849385387166,,,,
shoulder_press,,,,,152.84369795855034,146.80973154528488,,,,
shoulder_press,,,,,162.0303457444987,154.97438289557073,,,,
shoulder_press,,,,,172.85795712769172,168.87120639542687,,,,
shoulder_press,,,,,159.31479445606482,172.29370257992474,,,,
shoulder_press,,,,,170.2560749921586,178.93793425977302,,,,
shoulder_press,,,,,131.60944356151938,167.427037742521,,,,
shoulder_press,,,,,169.8622439952287,164.28873368980302,,,,
shoulder_press,,,,,165.57873332552745,159.07429745694475,,,,
shoulder_press,,,,,158.49908718885197,156.46779332682917,,,,
shoulder_press,,,,,151.74965929828008,150.26573793306667,,,,
shoulder_press,,,,,146.01420851978008,136.94915576517013,,,,
shoulder_press,,,,,122.1361553327304,133.7817804900222,,,,
shoulder_press,,,,,100.02144876459919,112.32937591153927,,,,
shoulder_press,,,,,78.7826065353599,92.55184641037587,,,,
shoulder_press,,,,,61.276709095113276,75.95627399982655,,,,
shoulder_press,,,,,45.59114794266786,58.35446654091926,,,,
shoulder_press,,,,,38.30533934837165,47.954015780164944,,,,
shoulder_press,,,,,26.99472401031039,36.57905083588628,,,,
shoulder_press,,,,,23.8276687581628,28.071940142469618,,,,
shoulder_press,,,,,19.336954193137927,22.595263963890137,,,,
shoulder_press,,,,,15.281716416091141,20.7584346009675,,,,
shoulder_press,,,,,22.461232486731518,23.79421149870836,,,,
shoulder_press,,,,,26.448746141617367,24.99003185558755,,,,
shoulder_press,,,,,30.96798111849058,26.674766627127767,,,,
shoulder_press,,,,,33.37617256283679,29.815284959973805,,,,
shoulder_press,,,,,38.573686780739266,33.19655741075808,,,,
shoulder_press,,,,,49.2984602273559,44.50502929899868,,,,
shoulder_press,,,,,138.66150219537042,57.21542787760214,,,,
shoulder_press,,,,,170.98873156177888,137.91543203159577,,,,
shoulder_press,,,,,172.1137978636771,171.06637352321815,,,,
shoulder_press,,,,,177.8622686774141,178.34086852345948,,,,
shoulder_press,,,,,173.73772238072027,178.44553926269728,,,,
shoulder_press,,,,,152.07598542630308,174.49647601672976,,,,
shoulder_press,,,,,155.84893958253582,179.30620948581185,,,,
shoulder_press,,,,,153.00799922194204,173.57637813569022,,,,
shoulder_press,,,,,,163.27511451933162,,,,
shoulder_press,,,,,,169.45984543673566,,,,
